{
    "Modules": {
        "...MASTER...": {
            "nMops": 0,
            "child_modules": {
                "test": 1
            },
            "start_perf": [
                0.10843396186828613,
                0.081987000000000004,
                0.047992,
                224824,
                238620,
                1616145464.6269979,
                33753810635019288
            ],
            "end_perf": [
                0.11545896530151367,
                0.083987000000000006,
                0.048992000000000001,
                226292,
                238620,
                33753810653304672,
                0,
                0
            ],
            "nRouts": 5,
            "nQuads": 0
        },
        "test": {
            "start_perf": [
                0.115570068359375,
                0.083987000000000006,
                0.048992000000000001,
                226292,
                238620,
                1616145464.6341341,
                33753810653572500
            ],
            "child_modules": {},
            "nMops": 1840,
            "Compiled": "Yes",
            "Compiled Times": 27,
            "significant_routs": [
                [
                    12,
                    "R_VCSgd_x9Hvb_c",
                    7527594,
                    1512,
                    300
                ],
                [
                    13,
                    "R_VCSgd_x9Hvb_d",
                    1333078,
                    183,
                    28
                ],
                [
                    21,
                    "X_VCSgd_x9Hvb_3_0",
                    2668562,
                    459,
                    132
                ],
                [
                    22,
                    "R_VCSgd_x9Hvb_16",
                    2184272,
                    1269,
                    229
                ],
                [
                    32,
                    "R_VCSgd_x9Hvb_20",
                    1349302,
                    302,
                    54
                ],
                [
                    35,
                    "R_VCSgd_x9Hvb_23",
                    1428362,
                    371,
                    62
                ],
                [
                    36,
                    "R_VCSgd_x9Hvb_24",
                    2366276,
                    913,
                    246
                ],
                [
                    40,
                    "R_VCSgd_x9Hvb_28",
                    1539336,
                    391,
                    104
                ]
            ],
            "end_perf": [
                0.13666105270385742,
                0.10498399999999999,
                0.048992000000000001,
                230948,
                238620,
                33753810708429550,
                4295410544,
                0
            ],
            "nRouts": 51,
            "nQuads": 543
        }
    },
    "stat": {
        "ru_childs_end": {
            "ru_nvcsw": 9,
            "ru_minflt": 4302,
            "ru_utime_sec": 0.017996999999999999,
            "ru_nivcsw": 26,
            "ru_stime_sec": 0.0099979999999999999,
            "ru_maxrss_kb": 21464,
            "ru_majflt": 0
        },
        "ru_self_end": {
            "ru_nvcsw": 28,
            "ru_minflt": 26357,
            "ru_utime_sec": 0.10698299999999999,
            "ru_nivcsw": 32,
            "ru_stime_sec": 0.051991999999999997,
            "ru_maxrss_kb": 75624,
            "ru_majflt": 0
        },
        "cpu_cycles_end": 33753810720110242,
        "peak_mem_kb": 238620
    },
    "CompUnits": {
        "x9Hvb_d": {
            "out": "x9Hvb_d.o",
            "mod": "test",
            "archive": "archive.26/_31784_archive_1.a",
            "text": 10250,
            "bytes": 23764,
            "mode": 4,
            "checksum": 0
        }
    },
    "reusePaths": {
        "amcQw_d": {
            "icPath": "csrc"
        }
    },
    "ObjArchives": [
        {
            "archive": "archive.26/_31784_archive_1.a",
            "objects": [
                [
                    "x9Hvb_d.o",
                    23764
                ],
                [
                    "amcQwB.o",
                    96434
                ]
            ],
            "size": 120198
        }
    ]
}